, 3, 1
https://cdn.discordapp.com/attachments/1019997748344406146/1061281073503408173/Le-Camion-qui-fume-7C-630x405-7C-C2A9-OTCP.png, 3, 2
https://cdn.discordapp.com/attachments/1019997748344406146/1061281074015117322/0a1afb22-a89e-48d0-bba2-9bd201c90fe0.png, 3, 3
https://cdn.discordapp.com/attachments/1019997748344406146/1061281074463899748/citadelle1-2.png, 3, 4
https://cdn.discordapp.com/attachments/1019997748344406146/1061281075059494953/309003782-16-2.png, 3, 5
https://cdn.discordapp.com/attachments/1019997748344406146/1061281075432792064/KSP_000_0589.png, 3, 6
https://cdn.discordapp.com/attachments/1019997748344406146/1061281075818659930/P1160717-scaled.png, 3, 7
https://cdn.discordapp.com/attachments/1019997748344406146/1061291731242459186/decat.png, 3, 8
https://cdn.discordapp.com/attachments/1019997748344406146/1061281076191957008/5d360418400000de02d9a6e0_os.png, 3, 9
https://cdn.discordapp.com/attachments/1019997748344406146/1061281076674297976/Ambassade-Probikeshop-aCC80-Lyon-e1626191512882.png, 3, 10
https://cdn.discordapp.com/attachments/1019997748344406146/1061281081460011048/cavaliere-de-concours-a-domicile-hier-virginie-venon-est-surtout-organisatrice-et-patronne-de-l-ecole-d-equitation-de-manom-qui-porte-son-nom-photo-philippe-neu-1526039493.png, 3, 11
https://cdn.discordapp.com/attachments/1019997748344406146/1061281081841680394/Lille-Metropole-tennis-de-Table.png, 3, 12
https://cdn.discordapp.com/attachments/1019997748344406146/1061281122178310245/20200905_173741.png, 3, 13
https://cdn.discordapp.com/attachments/1019997748344406146/1061281123000397904/thumb_w792zc3q100__ccb14f585601bf425431861ac4bef9e5.png, 3, 14
https://cdn.discordapp.com/attachments/1019997748344406146/1061281123373687024/2021_Ultimate-Cup-E294ACC2AE-Morgan-MATHURIN-23901.png, 3, 15
https://cdn.discordapp.com/attachments/1019997748344406146/1061281123742777404/1200x680_1_8.png, 3, 16
https://cdn.discordapp.com/attachments/1019997748344406146/1061281124237717585/CNM.png, 3, 17
https://cdn.discordapp.com/attachments/1019997748344406146/1061281124611006494/tiralarc.png, 3, 18
https://cdn.discordapp.com/attachments/1019997748344406146/1061281073113333830/escrime.png, 3, 19
, 3, 20
https://cdn.discordapp.com/attachments/1019997748344406146/1061281122539012116/jdadijon.png, 3, 21